category,word
alcohol,addict
other,amen
profanity,apeshit
profanity,ass
other,ball
other,ballin
sexual,bang
alcohol,bar
alcohol,bars
sexual,bed
sexual,bedroom
sexual,bikini
other,bipolar
profanity,bitch
violence,bleed
other,bless
sexual,blew
violence,blood
violence,bloodstain
alcohol,blow
sexual,bodies
sexual,body
sexual,boob
alcohol,bottle
sexual,bras
alcohol,bubbles
violence,bullet
sexual,buns
alcohol,champagne
sexual,chest
other,christian
alcohol,cigarette
sexual,clothes
other,club
sexual,cock
other,coma
sexual,coochie
other,counterfeit
profanity,crap
other,crazy
other,creep
violence,crime
sexual,curve
violence,cut
violence,cuts
violence,cutthroat
violence,cuttin
profanity,dammit
profanity,damn
violence,dead
violence,death
other,demon
other,diablo
sexual,dick
violence,die
violence,dies
sexual,dirty
alcohol,dope
alcohol,drank
sexual,dress
alcohol,drink
alcohol,drug
alcohol,drunk
alcohol,ecstasy
other,evil
other,faith
other,fetish
violence,fight
sexual,freak
profanity,fuck
violence,gang
identity,gay
alcohol,gin
other,god
sexual,grind
violence,gun
profanity,hell
profanity,hella
profanity,hellish
alcohol,hennessy
alcohol,henny
alcohol,high
sexual,hip
sexual,hips
alcohol,hookah
alcohol,ice
violence,illegal
other,ink
other,insane
alcohol,intoxicate
alcohol,jack
other,jesus
alcohol,juice
violence,kill
sexual,kiss
violence,knife
violence,knife
violence,knives
sexual,leg
sexual,legs
identity,lesbian
alcohol,lighter
alcohol,lighters
sexual,lip
sexual,lips
alcohol,liquor
other,lord
identity,man
other,maniac
alcohol,marijuana
alcohol,martini
other,medicate
identity,men
alcohol,molly
alcohol,moonshine
sexual,naked
sexual,neck
profanity,nigga
alcohol,overdose
sexual,panties
alcohol,pill
alcohol,pills
sexual,pimp
profanity,piss
profanity,piss
violence,poison
alcohol,pot
alcohol,pour
other,pray
other,priest
alcohol,puff
violence,punch
profanity,retard
alcohol,rum
other,sanity
sexual,scrotum
sexual,sex
profanity,shit
other,sin
alcohol,sip
alcohol,sippin
sexual,skin
sexual,skirt
violence,slay
sexual,sleep
alcohol,smoke
alcohol,smoking
alcohol,sober
alcohol,spirits
other,suicidal
other,tattoo
alcohol,tequila
sexual,thigh
violence,thug
sexual,tongue
sexual,touch
identity,transgender
violence,trigger
sexual,undress
other,unholy
violence,victim
alcohol,vodka
violence,war
violence,weapon
alcohol,whiskey
alcohol,wine
identity,woman